{
  "classes":7,
  "label2train":[
    [0, 0],
    [1, 255],
    [2, 0],
    [3, 0],
    [4, 255],
    [5, 255],
    [6, 5],
    [7, 255],
    [8, 5],
    [9, 6],
    [10, 6],
    [11, 6],
    [12, 6],
    [13, 6],
    [14, 6],
    [15, 6],
    [16, 6],
    [17, 6],
    [18, 6],
    [19, 1],
    [20, 1],
    [21, 1],
    [22, 255],
    [23, 2],
    [24, 2],
    [25, 2],
    [26, 2],
    [27, 255],
    [28, 255],
    [29, 1],
    [30, 255],
    [31, 255],
    [32, 3],
    [33, 4],
    [34, 255],
    [35, 255],
    [36, 255],
    [37, 255],
    [38, 255],
    [39, 255]],
  "label":[
    "flat",
    "construction",
    "object",
    "nature",
    "sky",
    "human",
    "vehicle"],
  "palette":[
    [128,64,128],
    [244,35,232],
    [70,70,70],
    [102,102,156],
    [190,153,153],
    [153,153,153],
    [250,170,30],
    [220,220,0],
    [107,142,35],
    [152,251,152],
    [70,130,180],
    [220,20,60],
    [255,0,0],
    [0,0,142],
    [0,0,70],
    [0,60,100],
    [0,80,100],
    [0,0,230],
    [119,11,32],
    [0,0,0]],
  "mean":[
    73.158359210711552,
    82.908917542625858,
    72.392398761941593],
  "std":[
    47.675755341814678,
    48.494214368814916,
    47.736546325441594]
}
